feature,importance
sea_surface_temp,0.32840902166964697
wind_shear,0.1689077383463902
central_pressure,0.11850825434873849
wind_speed,0.09990616405508847
vorticity,0.0707111682786758
cloud_top_temp,0.06753738621788566
convective_activity,0.05918116056804263
precipitation,0.04749408102104586
humidity,0.03934502549448592
